Name,URL,Tags
367. 有效的完全平方数,https://leetcode.cn/problems/valid-perfect-square/description/,二分查找
69. x 的平方根 ,https://leetcode.cn/problems/sqrtx/description/,二分查找
704.二分查找,https://leetcode.cn/problems/binary-search/submissions/524502977/,二分查找
34. 在排序数组中查找元素的第一个和最后一个位置,https://leetcode.cn/problems/find-first-and-last-position-of-element-in-sorted-array/description/,二分查找
35. 搜索插入位置,https://leetcode.cn/problems/search-insert-position/description/,二分查找
定长滑动窗口,,"双指针, 滑动窗口"
76. 最小覆盖子串,https://leetcode.cn/problems/minimum-window-substring/description/,"双指针, 滑动窗口"
904. 水果成篮,https://leetcode.cn/problems/fruit-into-baskets/description/,"双指针, 滑动窗口"
209. 长度最小的子数组,https://leetcode.cn/problems/minimum-size-subarray-sum/description/,"双指针, 滑动窗口"
977. 有序数组的平方,https://leetcode.cn/problems/squares-of-a-sorted-array/submissions/526201083/,双指针
844. 比较含退格的字符串,https://leetcode.cn/problems/backspace-string-compare/description/,双指针
283. 移动零,https://leetcode.cn/problems/move-zeroes/description/,双指针
26. 删除有序数组中的重复项,https://leetcode.cn/problems/remove-duplicates-from-sorted-array/submissions/525956656/,双指针
27. 移除元素,https://leetcode.cn/problems/remove-element/description/,双指针
54. 螺旋矩阵,https://leetcode.cn/problems/spiral-matrix/description/,模拟
59. 螺旋矩阵 II,https://leetcode.cn/problems/spiral-matrix-ii/description/,模拟
142. 环形链表 II,https://leetcode.cn/problems/linked-list-cycle-ii/description/,链表
面试题 02.07. 链表相交,https://leetcode.cn/problems/intersection-of-two-linked-lists-lcci/description/,链表
19. 删除链表的倒数第 N 个结点,https://leetcode.cn/problems/remove-nth-node-from-end-of-list/description/,链表
24. 两两交换链表中的节点,https://leetcode.cn/problems/swap-nodes-in-pairs/description/,链表
206. 反转链表,https://leetcode.cn/problems/reverse-linked-list/description/,"双指针, 链表"
707. 设计链表,https://leetcode.cn/problems/design-linked-list/description/,链表
203. 移除链表元素,https://leetcode.cn/problems/remove-linked-list-elements/description/,链表
c++中优先队列的使用,https://blog.csdn.net/qq_38210354/article/details/107506784,基础库使用
C++中vector和list的差别,,基础库使用
C++中的迭代器使用,,基础库使用
unordered_map,,基础库使用
原地哈希,https://leetcode.cn/problems/first-missing-positive/description/?envType=study-plan-v2&envId=top-100-liked,哈希表
18. 四数之和,https://leetcode.cn/problems/4sum/description/,哈希表
15. 三数之和,https://leetcode.cn/problems/3sum/description/,"双指针, 哈希表"
454. 四数相加 II,https://leetcode.cn/problems/4sum-ii/description/,哈希表
1. 两数之和,https://leetcode.cn/problems/two-sum/description/,"哈希表, 基础库使用"
202. 快乐数,https://leetcode.cn/problems/happy-number/description/,"哈希表, 基础库使用"
350. 两个数组的交集 II,https://leetcode.cn/problems/intersection-of-two-arrays-ii/description/,哈希表
349. 两个数组的交集,https://leetcode.cn/problems/intersection-of-two-arrays/description/,哈希表
438. 找到字符串中所有字母异位词,https://leetcode.cn/problems/find-all-anagrams-in-a-string/description/,哈希表
49. 字母异位词分组,https://leetcode.cn/problems/group-anagrams/description/,哈希表
383. 赎金信,https://leetcode.cn/problems/ransom-note/description/,哈希表
242. 有效的字母异位词,https://leetcode.cn/problems/valid-anagram/description/,哈希表
58. 区间和（第九期模拟笔试）,https://kamacoder.com/problempage.php?pid=1070,前缀和
459.重复的子字符串,https://leetcode.cn/problems/repeated-substring-pattern/,"KMP算法, 字符串"
28. 实现 strStr(),https://leetcode.cn/problems/find-the-index-of-the-first-occurrence-in-a-string/,"KMP算法, 字符串"
右旋字符串,https://kamacoder.com/problempage.php?pid=1065,字符串
151. 反转字符串中的单词,https://leetcode.cn/problems/reverse-words-in-a-string/description/,字符串
54. 替换数字,https://kamacoder.com/problempage.php?pid=1064,字符串
541. 反转字符串II,https://leetcode.cn/problems/reverse-string-ii/,字符串
344. 反转字符串,https://leetcode.cn/problems/reverse-string/description/,字符串
150. 逆波兰表达式求值,https://leetcode.cn/problems/evaluate-reverse-polish-notation/,栈
1047. 删除字符串中的所有相邻重复项,https://leetcode.cn/problems/remove-all-adjacent-duplicates-in-string/description/,栈
20. 有效的括号,https://leetcode.cn/problems/valid-parentheses/description/,栈
C++中栈的使用,,栈
232. 用栈实现队列,https://leetcode.cn/problems/implement-queue-using-stacks/submissions/580271157/,"栈, 队列"
347. 前 K 个高频元素,https://leetcode.cn/problems/top-k-frequent-elements/description/,队列
239. 滑动窗口最大值,https://leetcode.cn/problems/sliding-window-maximum/,队列
C++中队列的使用,,队列
225. 用队列实现栈,https://programmercarl.com/0225.%E7%94%A8%E9%98%9F%E5%88%97%E5%AE%9E%E7%8E%B0%E6%A0%88.html#%E7%AE%97%E6%B3%95%E5%85%AC%E5%BC%80%E8%AF%BE,"栈, 队列"
538. 把二叉搜索树转换为累加树,https://leetcode.cn/problems/convert-bst-to-greater-tree/description/,二叉树
108. 将有序数组转换为二叉搜索树,https://leetcode.cn/problems/convert-sorted-array-to-binary-search-tree/description/,二叉树
669. 修剪二叉搜索树,https://leetcode.cn/problems/trim-a-binary-search-tree/description/,二叉树
二叉树的删除,,二叉树
搜索树的插入,https://leetcode.cn/problems/insert-into-a-binary-search-tree/,二叉树
235. 二叉搜索树的最近公共祖先,https://leetcode.cn/problems/lowest-common-ancestor-of-a-binary-search-tree/description/,二叉树
236. 二叉树的最近公共祖先,https://leetcode.cn/problems/lowest-common-ancestor-of-a-binary-tree/description/,二叉树
501. 二叉搜索树中的众数,https://leetcode.cn/problems/find-mode-in-binary-search-tree/,二叉树
530. 二叉搜索树的最小绝对差,https://leetcode.cn/problems/minimum-absolute-difference-in-bst/description/,二叉树
98. 验证二叉搜索树,https://leetcode.cn/problems/validate-binary-search-tree/description/,二叉树
700. 二叉搜索树中的搜索,https://leetcode.cn/problems/search-in-a-binary-search-tree/description/,二叉树
617. 合并二叉树,https://leetcode.cn/problems/merge-two-binary-trees/,二叉树
654. 最大二叉树,https://leetcode.cn/problems/maximum-binary-tree/description/,二叉树
106. 从中序与后序遍历序列构造二叉树,https://leetcode.cn/problems/construct-binary-tree-from-inorder-and-postorder-traversal/description/,二叉树
112. 路径总和,https://leetcode.cn/problems/path-sum/description/,二叉树
513. 找树左下角的值,https://leetcode.cn/problems/find-bottom-left-tree-value/,二叉树
404. 左叶子之和,https://leetcode.cn/problems/sum-of-left-leaves/description/,二叉树
257. 二叉树的所有路径,https://leetcode.cn/problems/binary-tree-paths/description/,二叉树
110. 平衡二叉树,https://leetcode.cn/problems/balanced-binary-tree/description/,二叉树
222. 完全二叉树的节点个数,https://leetcode.cn/problems/count-complete-tree-nodes/description/,二叉树
111. 二叉树的最小深度,https://leetcode.cn/problems/minimum-depth-of-binary-tree/description/,二叉树
104. 二叉树的最大深度,https://leetcode.cn/problems/maximum-depth-of-binary-tree/description/,二叉树
101. 对称二叉树,https://leetcode.cn/problems/symmetric-tree/description/,二叉树
226. 翻转二叉树,https://leetcode.cn/problems/invert-binary-tree/description/,二叉树
102. 二叉树的层序遍历,https://leetcode.cn/problems/binary-tree-level-order-traversal/description/,二叉树
144. 二叉树的遍历,https://leetcode.cn/problems/binary-tree-preorder-traversal/description/,二叉树
解数独,https://leetcode.cn/problems/sudoku-solver/,回溯
n皇后,https://leetcode.cn/problems/n-queens/description/,回溯
332. 重新安排行程,https://leetcode.cn/problems/reconstruct-itinerary/description/,回溯
47. 全排列 II,https://leetcode.cn/problems/permutations-ii/description/,回溯
46. 全排列,https://leetcode.cn/problems/permutations/description/,回溯
491.递增子序列,https://leetcode.cn/problems/non-decreasing-subsequences/submissions/643577308/,回溯
90. 子集 II,https://leetcode.cn/problems/subsets-ii/description/,回溯
78. 子集,https://leetcode.cn/problems/subsets/description/,回溯
93. 复原 IP 地址,https://leetcode.cn/problems/restore-ip-addresses/description/,回溯
131. 分割回文串,https://leetcode.cn/problems/palindrome-partitioning/description/,回溯
40. 组合总和 II,https://leetcode.cn/problems/combination-sum-ii/description/,回溯
39. 组合总和,https://leetcode.cn/problems/combination-sum/description/,回溯
17. 电话号码的字母组合,https://leetcode.cn/problems/letter-combinations-of-a-phone-number/description/,回溯
216. 组合总和 III,https://leetcode.cn/problems/combination-sum-iii/description/,回溯
77. 组合,https://leetcode.cn/problems/combinations/description/,回溯
什么是回溯法？,https://www.bilibili.com/video/BV1cy4y167mM/?vd_source=4f8939477fe394bdd537ca2889fd041f,回溯
968. 监控二叉树,https://leetcode.cn/problems/binary-tree-cameras/description/,贪心
738. 单调递增的数字,https://leetcode.cn/problems/monotone-increasing-digits/description/,贪心
56. 合并区间,https://leetcode.cn/problems/merge-intervals/,贪心
763. 划分字母区间,https://leetcode.cn/problems/partition-labels/description/,贪心
435. 无重叠区间,https://leetcode.cn/problems/non-overlapping-intervals/description/,贪心
452. 用最少数量的箭引爆气球,https://leetcode.cn/problems/minimum-number-of-arrows-to-burst-balloons/description/,贪心
406. 根据身高重建队列,https://leetcode.cn/problems/queue-reconstruction-by-height/description/,贪心
860. 柠檬水找零,https://leetcode.cn/problems/lemonade-change/submissions/644577343/,贪心
135. 分发糖果,https://leetcode.cn/problems/candy/description/,贪心
134. 加油站,https://leetcode.cn/problems/gas-station/description/,贪心
1005. K 次取反后最大化的数组和,https://leetcode.cn/problems/maximize-sum-of-array-after-k-negations/description/,贪心
45. 跳跃游戏 II,https://leetcode.cn/problems/jump-game-ii/description/,贪心
55. 跳跃游戏,https://leetcode.cn/problems/jump-game/description/,贪心
122. 买卖股票的最佳时机 II,https://leetcode.cn/problems/best-time-to-buy-and-sell-stock-ii/description/,贪心
53. 最大子数组和,https://leetcode.cn/problems/maximum-subarray/description/,贪心
摆动序列,https://leetcode.cn/problems/wiggle-subsequence/,贪心
455. 分发饼干,https://leetcode.cn/problems/assign-cookies/description/,贪心
124. 二叉树中的最大路径和（树状DP）,https://leetcode.cn/problems/binary-tree-maximum-path-sum/description/?envType=problem-list-v2&envId=2cktkvj,动态规划
718. 最长重复子数组,https://leetcode.cn/problems/maximum-length-of-repeated-subarray/,"动态规划, 没做出来"
674. 最长连续递增序列,https://leetcode.cn/problems/longest-continuous-increasing-subsequence/description/,动态规划
215. 数组中的第K个最大元素,https://leetcode.cn/problems/kth-largest-element-in-an-array/description/?envType=problem-list-v2&envId=2cktkvj,"动态规划, 没做出来"
221. 最大正方形 - 力扣,https://leetcode.cn/problem-list/2cktkvj/,"动态规划, 没做出来"
300.最长递增子序列,https://leetcode.cn/problems/longest-increasing-subsequence/,"动态规划, 没做出来"
714. 买卖股票的最佳时机含手续费,https://leetcode.cn/problems/best-time-to-buy-and-sell-stock-with-transaction-fee/description/,动态规划
309. 买卖股票的最佳时机含冷冻期,https://leetcode.cn/problems/best-time-to-buy-and-sell-stock-with-cooldown/,动态规划
188. 买卖股票的最佳时机 IV,https://leetcode.cn/problems/best-time-to-buy-and-sell-stock-iv/description/,动态规划
123. 买卖股票的最佳时机 III,https://leetcode.cn/problems/best-time-to-buy-and-sell-stock-iii/,动态规划
122. 买卖股票的最佳时机 II（动规版）,https://leetcode.cn/problems/best-time-to-buy-and-sell-stock-ii/description/,动态规划
121. 买卖股票的最佳时机,https://leetcode.cn/problems/best-time-to-buy-and-sell-stock/description/,动态规划
337. 打家劫舍 III,https://leetcode.cn/problems/house-robber-iii/,动态规划
213. 打家劫舍 II,https://leetcode.cn/problems/house-robber-ii/description/,动态规划
打家劫舍,https://leetcode.cn/problems/house-robber/description/,动态规划
多重背包,https://gitee.com/programmercarl/leetcode-master/blob/master/problems/%E8%83%8C%E5%8C%85%E9%97%AE%E9%A2%98%E7%90%86%E8%AE%BA%E5%9F%BA%E7%A1%80%E5%A4%9A%E9%87%8D%E8%83%8C%E5%8C%85.md,动态规划
139.单词拆分,https://leetcode.cn/problems/word-break/description/,动态规划
279.完全平方数,https://leetcode.cn/problems/perfect-squares/submissions/648102634/,动态规划
322. 零钱兑换,https://leetcode.cn/problems/coin-change/description/,动态规划
70. 爬楼梯（进阶版）,https://kamacoder.com/problempage.php?pid=1067,动态规划
377. 组合总和 Ⅳ,https://leetcode.cn/problems/combination-sum-iv/description/,动态规划
518. 零钱兑换 II,https://leetcode.cn/problems/coin-change-ii/description/,动态规划
完全背包问题,,动态规划
474. 一和零,https://leetcode.cn/problems/ones-and-zeroes/description/,动态规划
494. 目标和,https://leetcode.cn/problems/target-sum/description/,动态规划
1049. 最后一块石头的重量 II,https://leetcode.cn/problems/last-stone-weight-ii/description/,动态规划
416. 分割等和子集,https://leetcode.cn/problems/partition-equal-subset-sum/description/,动态规划
01背包理论基础,,动态规划
96.不同的二叉搜索树,https://leetcode.cn/problems/unique-binary-search-trees/description/,动态规划
343. 整数拆分,https://leetcode.cn/problems/integer-break/description/,动态规划
63. 不同路径 II,https://leetcode.cn/problems/unique-paths-ii/description/,动态规划
62. 不同路径,https://leetcode.cn/problems/unique-paths/description/,动态规划
746. 使用最小花费爬楼梯,https://leetcode.cn/problems/min-cost-climbing-stairs/description/,动态规划
爬楼梯,https://leetcode.cn/problems/climbing-stairs/description/,动态规划
509. 斐波那契数,https://leetcode.cn/problems/fibonacci-number/description/,动态规划
ACM格式,,python基础
栈的使用,,python基础
输入输出,,python基础
集合set,,python基础
自定义比较,,python基础
结构体,,python基础
优先队列,,python基础
字典（hash）,,python基础
数组,,python基础
c++转python,,python基础
python的循环遍历方式,,python基础
739. 每日温度,https://leetcode.cn/problems/daily-temperatures/description/,单调栈
200. 岛屿数量,https://leetcode.cn/problems/number-of-islands/?envType=problem-list-v2&envId=2cktkvj,"bfs, dfs"
所有可达路径,,dfs
求公因数,,